Element,Density,ao,Temperature
H2,1.1,0.665,293.15
H1,1.1,0.001666666666667,293.15
O16,1.1,0.333333333333333,293.15
