Element,Density,ao
Li7,2.3275,32.5
F,2.3275,26.6333333333333
Be,2.3275,9.66666666666667
Zr,2.3275,1
U235,2.3275,0.186
U238,2.3275,0.014
