Element,Density,ao,Temperature
F,4.13,0.566,873.15
Li6,4.13,0.000195,873.15
Li7,4.13,0.389805,873.15
Th,4.13,0.044,873.15
Pu239,4.13,0.0005,873.15
