Element,Density,ao,Temperature
F,4.2,0.57255,923.15
Li6,4.2,0.00018825,923.15
Li7,4.2,0.37631175,923.15
Th,4.2,0.0432,923.15
Pu238,4.2,0.00011346,923.15
Pu239,4.2,0.004930395,923.15
Pu240,4.2,0.0019961675,923.15
Pu241,4.2,0.0002756675,923.15
Pu242,4.2,0.0004343875,923.15
