Element,Density,ao
F,4.2,0.5675
Li6,4.2,0.00019375
Li7,4.2,0.38730625
Th ,4.2,0.0399
U233,4.2,0.0051
