Element,Density,wo,Temperature
Sn,6.55,0.014,773.15
Fe,6.55,0.00165,773.15
Cr,6.55,0.001,773.15
Zr,6.55,0.98335,773.15
